user_id,item_id,timestamp
u00005832,item10007,2016-05-01 00:20:48
u00000981,item10008,2016-05-01 00:23:55
u00000660,item10007,2016-05-01 00:31:48
u00005103,item10008,2016-05-01 00:54:49
u00004028,item10004,2016-05-01 00:59:54
u00000408,item10001,2016-05-01 01:31:35
u00001367,item10003,2016-05-01 01:50:10
u00002375,item10005,2016-05-01 01:55:27
u00004192,item10007,2016-05-01 02:12:09
u00003569,item10009,2016-05-01 02:13:05
u00001791,item10000,2016-05-01 02:21:35
u00002286,item10001,2016-05-01 02:32:22
u00005330,item10007,2016-05-01 02:44:04
u00005013,item10000,2016-05-01 02:50:34
u00004340,item10003,2016-05-01 02:50:57
u00002075,item10004,2016-05-01 03:14:47
u00001787,item10003,2016-05-01 03:27:01
u00000163,item10004,2016-05-01 03:46:32
u00006220,item10001,2016-05-01 04:00:14
u00002498,item10009,2016-05-01 04:08:36
u00004287,item10004,2016-05-01 04:12:49
u00007109,item10003,2016-05-01 04:26:11
u00002049,item10009,2016-05-01 05:01:57
u00003411,item10007,2016-05-01 05:10:00
u00002314,item10006,2016-05-01 05:41:55
u00003180,item10003,2016-05-01 06:03:40
u00002859,item10006,2016-05-01 06:17:37
u00004862,item10005,2016-05-01 06:54:54
u00002643,item10002,2016-05-01 07:02:18
u00005365,item10004,2016-05-01 07:07:56
u00003750,item10007,2016-05-01 07:45:55
u00002091,item10000,2016-05-01 07:54:39
u00004875,item10001,2016-05-01 08:06:33
u00004709,item10006,2016-05-01 08:23:54
u00000565,item10003,2016-05-01 08:39:29
u00003044,item10003,2016-05-01 08:40:58
u00004519,item10008,2016-05-01 09:08:02
u00006327,item10009,2016-05-01 09:19:01
u00000329,item10006,2016-05-01 09:25:58
u00003351,item10001,2016-05-01 10:02:51
u00006649,item10007,2016-05-01 10:13:08
u00002445,item10004,2016-05-01 10:31:01
u00002420,item10009,2016-05-01 10:36:29
u00004042,item10007,2016-05-01 10:37:20
u00006269,item10002,2016-05-01 11:07:06
u00003904,item10003,2016-05-01 11:08:33
u00002846,item10000,2016-05-01 11:34:58
u00007093,item10000,2016-05-01 12:12:10
u00003166,item10000,2016-05-01 12:38:08
u00000104,item10006,2016-05-01 12:42:07
u00005423,item10009,2016-05-01 13:10:00
u00002010,item10008,2016-05-01 13:28:25
u00006703,item10003,2016-05-01 14:39:37
u00000022,item10002,2016-05-01 14:57:45
u00001981,item10007,2016-05-01 15:00:53
u00004400,item10004,2016-05-01 15:06:22
u00003471,item10007,2016-05-01 15:15:57
u00005383,item10000,2016-05-01 15:33:07
u00002911,item10004,2016-05-01 15:35:26
u00006351,item10002,2016-05-01 15:41:31
u00000245,item10007,2016-05-01 16:05:03
u00000681,item10002,2016-05-01 16:12:49
u00006163,item10009,2016-05-01 16:42:18
u00003058,item10007,2016-05-01 17:04:05
u00007091,item10009,2016-05-01 17:47:16
u00002900,item10002,2016-05-01 17:47:27
u00002625,item10009,2016-05-01 17:49:50
u00004225,item10001,2016-05-01 17:54:13
u00000998,item10006,2016-05-01 18:06:53
u00006150,item10009,2016-05-01 18:32:25
u00007112,item10006,2016-05-01 18:47:29
u00002860,item10005,2016-05-01 19:46:18
u00006735,item10003,2016-05-01 19:56:42
u00003008,item10003,2016-05-01 20:03:17
u00005915,item10000,2016-05-01 20:30:15
u00007267,item10006,2016-05-01 20:36:00
u00003720,item10009,2016-05-01 21:15:41
u00007565,item10006,2016-05-01 21:20:17
u00000650,item10005,2016-05-01 22:20:08
u00007972,item10001,2016-05-01 22:26:24
u00006599,item10008,2016-05-01 23:10:03
u00004005,item10005,2016-05-01 23:22:59
u00006342,item10000,2016-05-01 23:31:06
u00001049,item10000,2016-05-02 00:28:29
u00003783,item10001,2016-05-02 00:35:08
u00005387,item10003,2016-05-02 00:38:34
u00003162,item10008,2016-05-02 00:43:01
u00005271,item10005,2016-05-02 00:48:59
u00002170,item10008,2016-05-02 00:50:35
u00000509,item10000,2016-05-02 01:20:50
u00005785,item10009,2016-05-02 01:40:42
u00001941,item10008,2016-05-02 01:54:10
u00007578,item10000,2016-05-02 01:55:18
u00000516,item10006,2016-05-02 02:12:33
u00002453,item10007,2016-05-02 02:18:51
u00005104,item10005,2016-05-02 02:18:57
u00003291,item10007,2016-05-02 02:27:25
u00003296,item10007,2016-05-02 02:40:32
u00000993,item10000,2016-05-02 02:51:23
u00002886,item10003,2016-05-02 03:09:56
u00005065,item10002,2016-05-02 03:22:37
u00001182,item10006,2016-05-02 03:33:39
u00001774,item10009,2016-05-02 04:00:23
u00000990,item10006,2016-05-02 04:06:27
u00006973,item10005,2016-05-02 04:34:31
u00007133,item10009,2016-05-02 04:34:48
u00004668,item10006,2016-05-02 04:36:51
u00000453,item10008,2016-05-02 04:45:06
u00003944,item10002,2016-05-02 05:05:54
u00000078,item10002,2016-05-02 05:22:59
u00007814,item10006,2016-05-02 05:41:39
u00007424,item10003,2016-05-02 05:49:55
u00003394,item10007,2016-05-02 06:01:56
u00004521,item10003,2016-05-02 06:41:27
u00000644,item10007,2016-05-02 06:43:19
u00006728,item10009,2016-05-02 06:46:50
u00002482,item10009,2016-05-02 06:52:06
u00004750,item10005,2016-05-02 06:53:55
u00001070,item10000,2016-05-02 06:55:38
u00003932,item10003,2016-05-02 06:59:39
u00002527,item10005,2016-05-02 07:02:40
u00005355,item10005,2016-05-02 07:39:38
u00006394,item10000,2016-05-02 07:46:17
u00000092,item10006,2016-05-02 07:58:05
u00005091,item10007,2016-05-02 08:10:35
u00001249,item10008,2016-05-02 08:17:57
u00000154,item10009,2016-05-02 08:18:08
u00005757,item10001,2016-05-02 08:23:52
u00006211,item10002,2016-05-02 08:26:09
u00003501,item10007,2016-05-02 08:58:46
u00001095,item10000,2016-05-02 09:09:29
u00004757,item10006,2016-05-02 09:13:29
u00003529,item10008,2016-05-02 09:16:10
u00005545,item10006,2016-05-02 09:28:30
u00005148,item10009,2016-05-02 09:37:46
u00005913,item10008,2016-05-02 10:25:31
u00000985,item10006,2016-05-02 10:35:21
u00003368,item10001,2016-05-02 10:46:11
u00002971,item10000,2016-05-02 10:46:47
u00004270,item10008,2016-05-02 10:48:00
u00001998,item10005,2016-05-02 11:24:05
u00005128,item10006,2016-05-02 11:25:51
u00004046,item10002,2016-05-02 11:26:18
u00001023,item10006,2016-05-02 11:43:57
u00001195,item10001,2016-05-02 11:47:48
u00002378,item10009,2016-05-02 12:01:24
u00000348,item10009,2016-05-02 12:06:01
u00000317,item10004,2016-05-02 12:10:09
u00000126,item10009,2016-05-02 12:31:40
u00007409,item10003,2016-05-02 12:38:23
u00003096,item10008,2016-05-02 12:42:10
u00000547,item10005,2016-05-02 12:55:48
u00002765,item10007,2016-05-02 13:01:23
u00007529,item10003,2016-05-02 13:26:12
u00004258,item10002,2016-05-02 13:28:53
u00005216,item10007,2016-05-02 13:37:20
u00001248,item10006,2016-05-02 13:39:43
u00000798,item10004,2016-05-02 13:53:43
u00005306,item10008,2016-05-02 13:54:32
u00001173,item10006,2016-05-02 13:56:22
u00004877,item10007,2016-05-02 13:56:28
u00008045,item10005,2016-05-02 14:42:19
u00005311,item10008,2016-05-02 14:47:30
u00004856,item10008,2016-05-02 14:49:45
u00001926,item10003,2016-05-02 14:50:34
u00005866,item10004,2016-05-02 15:27:20
u00001686,item10009,2016-05-02 15:28:18
u00004840,item10001,2016-05-02 15:31:55
u00005658,item10008,2016-05-02 15:55:11
u00002621,item10003,2016-05-02 15:55:54
u00005443,item10009,2016-05-02 15:57:31
u00003374,item10001,2016-05-02 16:06:17
u00000841,item10007,2016-05-02 16:21:01
u00006264,item10003,2016-05-02 16:22:11
u00000748,item10003,2016-05-02 16:23:27
u00005292,item10007,2016-05-02 16:29:50
u00000019,item10007,2016-05-02 16:34:42
u00007491,item10009,2016-05-02 16:37:52
u00000742,item10007,2016-05-02 16:42:17
u00003530,item10008,2016-05-02 17:03:41
u00002831,item10001,2016-05-02 17:04:00
u00001073,item10004,2016-05-02 17:27:30
u00006472,item10001,2016-05-02 17:32:46
u00007293,item10002,2016-05-02 17:41:45
u00002037,item10009,2016-05-02 17:57:15
u00001383,item10008,2016-05-02 18:04:17
u00005732,item10003,2016-05-02 18:05:10
u00007903,item10009,2016-05-02 18:31:23
u00005510,item10001,2016-05-02 18:33:29
u00005593,item10001,2016-05-02 18:47:06
u00002752,item10007,2016-05-02 18:54:06
u00007551,item10008,2016-05-02 18:55:31
u00002818,item10003,2016-05-02 19:14:53
u00005824,item10003,2016-05-02 19:25:08
u00005954,item10009,2016-05-02 19:33:40
u00001464,item10000,2016-05-02 19:37:45
u00002403,item10002,2016-05-02 19:46:06
u00003083,item10007,2016-05-02 19:47:32
u00003824,item10002,2016-05-02 19:57:42
u00005270,item10004,2016-05-02 20:01:22
u00005864,item10005,2016-05-02 20:31:41
u00005874,item10008,2016-05-02 20:32:34
u00004853,item10001,2016-05-02 20:39:10
u00001426,item10005,2016-05-02 20:52:47
u00003840,item10006,2016-05-02 21:31:14
u00000172,item10007,2016-05-02 21:36:13
u00001714,item10000,2016-05-02 21:59:07
u00003188,item10000,2016-05-02 22:05:08
u00007928,item10005,2016-05-02 22:19:35
u00006418,item10006,2016-05-02 22:43:57
u00000029,item10002,2016-05-02 22:56:32
u00006921,item10006,2016-05-02 23:09:31
u00003656,item10003,2016-05-02 23:18:36
u00003322,item10002,2016-05-03 00:08:32
u00000170,item10009,2016-05-03 00:17:17
u00007232,item10004,2016-05-03 00:18:16
u00000188,item10003,2016-05-03 00:25:59
u00005792,item10005,2016-05-03 00:31:44
u00003360,item10006,2016-05-03 00:49:32
u00000320,item10001,2016-05-03 00:53:44
u00006042,item10001,2016-05-03 01:02:32
u00007322,item10001,2016-05-03 01:19:09
u00003507,item10000,2016-05-03 01:33:09
u00005802,item10005,2016-05-03 01:36:25
u00005713,item10008,2016-05-03 01:53:14
u00006356,item10007,2016-05-03 02:00:08
u00001822,item10009,2016-05-03 02:11:14
u00004458,item10004,2016-05-03 02:16:27
u00003883,item10004,2016-05-03 02:20:04
u00006646,item10005,2016-05-03 02:51:22
u00003929,item10003,2016-05-03 03:08:35
u00005992,item10005,2016-05-03 03:13:56
u00005366,item10004,2016-05-03 03:16:49
u00002582,item10006,2016-05-03 03:24:22
u00002130,item10007,2016-05-03 03:29:00
u00002157,item10005,2016-05-03 03:30:51
u00007393,item10009,2016-05-03 03:31:30
u00001200,item10009,2016-05-03 03:47:23
u00002709,item10004,2016-05-03 03:52:26
u00001905,item10003,2016-05-03 04:20:31
u00002651,item10009,2016-05-03 04:38:49
u00002254,item10009,2016-05-03 04:58:28
u00002225,item10009,2016-05-03 05:02:22
u00007957,item10007,2016-05-03 05:03:16
u00004584,item10006,2016-05-03 05:10:14
u00000936,item10006,2016-05-03 05:19:31
u00003396,item10009,2016-05-03 05:46:47
u00006792,item10005,2016-05-03 05:53:54
u00004165,item10003,2016-05-03 05:55:17
u00007852,item10007,2016-05-03 05:56:14
u00004836,item10001,2016-05-03 06:08:42
u00002233,item10009,2016-05-03 06:12:29
u00007071,item10000,2016-05-03 06:15:01
u00007741,item10002,2016-05-03 06:15:30
u00005202,item10008,2016-05-03 06:26:20
u00006634,item10008,2016-05-03 06:38:21
u00001731,item10000,2016-05-03 06:58:27
u00006704,item10001,2016-05-03 07:05:32
u00003141,item10001,2016-05-03 07:13:59
u00002412,item10004,2016-05-03 07:22:30
u00002077,item10009,2016-05-03 07:58:26
u00002942,item10008,2016-05-03 07:58:37
u00006426,item10008,2016-05-03 08:50:35
u00000664,item10009,2016-05-03 09:07:28
u00005813,item10007,2016-05-03 09:17:06
u00000018,item10000,2016-05-03 09:30:49
u00005262,item10001,2016-05-03 09:35:50
u00002716,item10007,2016-05-03 09:45:44
u00005434,item10009,2016-05-03 09:56:50
u00002997,item10006,2016-05-03 10:01:05
u00005197,item10001,2016-05-03 10:05:30
u00001602,item10003,2016-05-03 10:07:02
u00003638,item10001,2016-05-03 10:19:15
u00007569,item10009,2016-05-03 10:27:28
u00007151,item10007,2016-05-03 10:41:45
u00000496,item10003,2016-05-03 10:52:39
u00000988,item10005,2016-05-03 10:53:17
u00002015,item10000,2016-05-03 10:59:20
u00006025,item10003,2016-05-03 11:08:05
u00005177,item10008,2016-05-03 11:14:42
u00002152,item10001,2016-05-03 11:21:48
u00000950,item10007,2016-05-03 11:22:07
u00002532,item10000,2016-05-03 11:43:01
u00007513,item10000,2016-05-03 11:58:55
u00005318,item10002,2016-05-03 12:09:11
u00006884,item10004,2016-05-03 12:11:30
u00005437,item10000,2016-05-03 12:32:09
u00006450,item10007,2016-05-03 12:42:47
u00004485,item10005,2016-05-03 12:47:49
u00003135,item10005,2016-05-03 12:55:52
u00001399,item10007,2016-05-03 12:56:39
u00001421,item10008,2016-05-03 13:00:05
u00002012,item10000,2016-05-03 13:02:54
u00004084,item10003,2016-05-03 13:09:30
u00007726,item10008,2016-05-03 13:32:00
u00005106,item10002,2016-05-03 13:45:13
u00004681,item10008,2016-05-03 13:47:54
u00004814,item10002,2016-05-03 13:56:27
u00006722,item10005,2016-05-03 14:01:07
u00000798,item10000,2016-05-03 14:08:08
u00006246,item10000,2016-05-03 14:15:00
u00000693,item10005,2016-05-03 14:15:17
u00001607,item10007,2016-05-03 14:26:12
u00004797,item10006,2016-05-03 14:33:34
u00002333,item10005,2016-05-03 14:40:22
u00002453,item10006,2016-05-03 15:04:32
u00003059,item10002,2016-05-03 15:05:04
u00003361,item10002,2016-05-03 15:08:28
u00006952,item10004,2016-05-03 15:19:22
u00005521,item10003,2016-05-03 15:24:54
u00001037,item10004,2016-05-03 15:30:01
u00003266,item10004,2016-05-03 15:35:46
u00002366,item10009,2016-05-03 15:38:38
u00003171,item10002,2016-05-03 15:40:40
u00002571,item10003,2016-05-03 15:42:50
u00007502,item10008,2016-05-03 15:58:54
u00005585,item10005,2016-05-03 16:15:07
u00001247,item10005,2016-05-03 16:15:40
u00005371,item10002,2016-05-03 16:26:19
u00001201,item10008,2016-05-03 16:27:47
u00005640,item10003,2016-05-03 16:28:00
u00006885,item10006,2016-05-03 16:40:32
u00003456,item10006,2016-05-03 17:00:53
u00003570,item10004,2016-05-03 17:07:49
u00003629,item10004,2016-05-03 17:26:42
u00000773,item10009,2016-05-03 17:51:19
u00000663,item10003,2016-05-03 18:24:40
u00002822,item10000,2016-05-03 18:33:41
u00006049,item10001,2016-05-03 18:37:41
u00002635,item10002,2016-05-03 18:42:53
u00003828,item10003,2016-05-03 18:54:10
u00003829,item10008,2016-05-03 18:57:13
u00007778,item10007,2016-05-03 19:04:31
u00007025,item10006,2016-05-03 19:19:41
u00002760,item10001,2016-05-03 19:23:13
u00003730,item10000,2016-05-03 19:27:16
u00006781,item10009,2016-05-03 19:48:40
u00004399,item10007,2016-05-03 19:51:41
u00004573,item10004,2016-05-03 19:52:08
u00001728,item10008,2016-05-03 19:52:49
u00002955,item10005,2016-05-03 19:54:29
u00002463,item10006,2016-05-03 20:08:18
u00007812,item10009,2016-05-03 20:15:22
u00007117,item10008,2016-05-03 20:40:10
u00003216,item10005,2016-05-03 20:43:56
u00006085,item10006,2016-05-03 20:48:06
u00005960,item10007,2016-05-03 20:50:46
u00002242,item10009,2016-05-03 21:13:45
u00006882,item10000,2016-05-03 21:33:20
u00003821,item10007,2016-05-03 21:49:12
u00000074,item10006,2016-05-03 21:50:36
u00003539,item10006,2016-05-03 21:54:58
u00000574,item10009,2016-05-03 21:58:36
u00002116,item10006,2016-05-03 22:02:24
u00002047,item10006,2016-05-03 22:23:07
u00003964,item10007,2016-05-03 22:25:47
u00005682,item10005,2016-05-03 22:30:22
u00005437,item10005,2016-05-03 22:32:10
u00003444,item10000,2016-05-03 22:33:34
u00004006,item10007,2016-05-03 22:43:05
u00002365,item10001,2016-05-03 22:50:06
u00007272,item10001,2016-05-03 22:52:07
u00004280,item10004,2016-05-03 22:55:09
u00004421,item10002,2016-05-03 22:58:36
u00005557,item10003,2016-05-03 23:01:46
u00005440,item10007,2016-05-03 23:03:00
u00007942,item10008,2016-05-03 23:04:36
u00003629,item10002,2016-05-03 23:04:37
u00001652,item10007,2016-05-03 23:26:30
u00005761,item10005,2016-05-03 23:32:46
u00000657,item10005,2016-05-03 23:46:25
u00006372,item10007,2016-05-03 23:53:28
u00005572,item10009,2016-05-04 00:01:42
u00006324,item10006,2016-05-04 00:06:20
u00006274,item10006,2016-05-04 00:24:15
u00004073,item10004,2016-05-04 00:35:26
u00006106,item10004,2016-05-04 00:37:07
u00006074,item10009,2016-05-04 00:58:16
u00001250,item10003,2016-05-04 01:31:13
u00007810,item10004,2016-05-04 01:53:29
u00005009,item10007,2016-05-04 02:06:37
u00001978,item10008,2016-05-04 02:25:38
u00007433,item10003,2016-05-04 02:30:11
u00002804,item10006,2016-05-04 02:33:34
u00004429,item10007,2016-05-04 02:38:02
u00007263,item10008,2016-05-04 02:42:39
u00002364,item10006,2016-05-04 02:43:37
u00006184,item10001,2016-05-04 02:45:42
u00005170,item10009,2016-05-04 03:00:13
u00005692,item10000,2016-05-04 03:06:18
u00003776,item10007,2016-05-04 03:16:41
u00006541,item10008,2016-05-04 03:18:06
u00001757,item10008,2016-05-04 03:25:43
u00005135,item10001,2016-05-04 03:34:09
u00000531,item10003,2016-05-04 03:35:08
u00007774,item10001,2016-05-04 03:37:15
u00004766,item10003,2016-05-04 03:42:03
u00005891,item10003,2016-05-04 03:43:47
u00005897,item10005,2016-05-04 03:51:11
u00001694,item10001,2016-05-04 03:56:42
u00000165,item10000,2016-05-04 04:36:39
u00002447,item10004,2016-05-04 04:59:32
u00005846,item10002,2016-05-04 05:01:21
u00001693,item10002,2016-05-04 05:28:43
u00005470,item10005,2016-05-04 05:40:50
u00007962,item10001,2016-05-04 05:47:19
u00002236,item10008,2016-05-04 05:55:22
u00000500,item10002,2016-05-04 06:01:14
u00001983,item10007,2016-05-04 06:27:32
u00003839,item10000,2016-05-04 06:27:52
u00002966,item10005,2016-05-04 06:45:44
u00002750,item10007,2016-05-04 06:48:53
u00000088,item10000,2016-05-04 06:51:43
u00004506,item10000,2016-05-04 06:57:49
u00000133,item10007,2016-05-04 07:00:44
u00007369,item10007,2016-05-04 07:06:20
u00002577,item10005,2016-05-04 07:58:09
u00003257,item10003,2016-05-04 08:03:00
u00006050,item10004,2016-05-04 08:04:29
u00002734,item10001,2016-05-04 08:05:35
u00000252,item10008,2016-05-04 08:16:39
u00003952,item10002,2016-05-04 08:25:55
u00005424,item10001,2016-05-04 08:34:55
u00002765,item10002,2016-05-04 08:43:20
u00002668,item10003,2016-05-04 08:45:13
u00000013,item10008,2016-05-04 08:46:33
u00007473,item10009,2016-05-04 09:25:33
u00004777,item10003,2016-05-04 09:29:24
u00004983,item10002,2016-05-04 09:54:33
u00007244,item10006,2016-05-04 10:07:48
u00000782,item10006,2016-05-04 10:35:02
u00005608,item10000,2016-05-04 10:43:30
u00002897,item10007,2016-05-04 10:49:08
u00000951,item10003,2016-05-04 10:49:31
u00004661,item10000,2016-05-04 10:57:52
u00001817,item10005,2016-05-04 11:05:04
u00001974,item10000,2016-05-04 11:09:16
u00002648,item10008,2016-05-04 11:19:09
u00007319,item10005,2016-05-04 11:20:21
u00002239,item10001,2016-05-04 11:49:28
u00005589,item10008,2016-05-04 11:51:31
u00000141,item10008,2016-05-04 12:07:42
u00004993,item10000,2016-05-04 12:28:27
u00006741,item10006,2016-05-04 12:29:16
u00004025,item10004,2016-05-04 12:29:21
u00004589,item10009,2016-05-04 12:39:58
u00000920,item10003,2016-05-04 12:44:54
u00003795,item10000,2016-05-04 12:50:27
u00001208,item10009,2016-05-04 12:51:45
u00006641,item10009,2016-05-04 12:59:15
u00006579,item10007,2016-05-04 13:06:09
u00003024,item10004,2016-05-04 13:30:44
u00002487,item10004,2016-05-04 13:35:10
u00001469,item10008,2016-05-04 13:42:36
u00007462,item10005,2016-05-04 14:03:11
u00005724,item10006,2016-05-04 14:06:12
u00005919,item10009,2016-05-04 14:15:13
u00004375,item10002,2016-05-04 14:20:22
u00007239,item10005,2016-05-04 14:22:41
u00001590,item10000,2016-05-04 14:29:19
u00007914,item10005,2016-05-04 15:16:59
u00002675,item10009,2016-05-04 15:23:05
u00003745,item10002,2016-05-04 15:33:35
u00003931,item10008,2016-05-04 15:44:20
u00000721,item10005,2016-05-04 15:46:35
u00001965,item10003,2016-05-04 15:55:40
u00005012,item10006,2016-05-04 16:29:15
u00000674,item10003,2016-05-04 16:31:02
u00001569,item10008,2016-05-04 16:37:27
u00003443,item10002,2016-05-04 16:38:44
u00003739,item10003,2016-05-04 16:56:16
u00007181,item10004,2016-05-04 16:57:24
u00000153,item10007,2016-05-04 17:07:18
u00005210,item10006,2016-05-04 17:16:57
u00002417,item10002,2016-05-04 17:52:24
u00007812,item10003,2016-05-04 18:10:48
u00005772,item10007,2016-05-04 18:11:45
u00005119,item10007,2016-05-04 18:26:07
u00003936,item10005,2016-05-04 18:41:14
u00004171,item10001,2016-05-04 18:48:35
u00003717,item10002,2016-05-04 19:17:40
u00002086,item10002,2016-05-04 19:21:58
u00002103,item10002,2016-05-04 19:24:42
u00000277,item10005,2016-05-04 19:25:30
u00003444,item10003,2016-05-04 19:40:26
u00004868,item10006,2016-05-04 19:53:56
u00006138,item10001,2016-05-04 20:14:59
u00003621,item10008,2016-05-04 20:30:21
u00007320,item10004,2016-05-04 20:33:21
u00002153,item10008,2016-05-04 20:36:02
u00004804,item10007,2016-05-04 20:40:13
u00006129,item10008,2016-05-04 21:00:22
u00008019,item10009,2016-05-04 21:01:00
u00002424,item10005,2016-05-04 21:02:26
u00005377,item10004,2016-05-04 21:09:53
u00006174,item10003,2016-05-04 21:24:13
u00002958,item10007,2016-05-04 21:30:52
u00002085,item10007,2016-05-04 21:34:58
u00004259,item10007,2016-05-04 21:35:55
u00003249,item10008,2016-05-04 21:40:50
u00001472,item10002,2016-05-04 21:47:14
u00006878,item10007,2016-05-04 21:47:52
u00007204,item10008,2016-05-04 21:52:56
u00004112,item10009,2016-05-04 22:17:29
u00005141,item10006,2016-05-04 22:33:30
u00006059,item10008,2016-05-04 22:36:46
u00002758,item10000,2016-05-04 22:37:21
u00002921,item10006,2016-05-04 22:42:45
u00001250,item10003,2016-05-04 22:49:37
u00004108,item10007,2016-05-04 22:50:19
u00001376,item10007,2016-05-04 22:57:59
u00005640,item10003,2016-05-04 22:58:21
u00006136,item10003,2016-05-04 23:11:19
u00005776,item10006,2016-05-04 23:27:03
u00005151,item10003,2016-05-04 23:27:48
u00002553,item10006,2016-05-04 23:38:43
u00005477,item10002,2016-05-04 23:47:26
u00003047,item10002,2016-05-05 00:33:30
u00003963,item10001,2016-05-05 00:35:44
u00002249,item10007,2016-05-05 00:40:41
u00003129,item10007,2016-05-05 00:41:09
u00005069,item10001,2016-05-05 00:44:30
u00003480,item10008,2016-05-05 00:59:55
u00005743,item10005,2016-05-05 01:01:29
u00002544,item10004,2016-05-05 01:04:46
u00001240,item10002,2016-05-05 01:06:54
u00005565,item10003,2016-05-05 01:23:42
u00000949,item10005,2016-05-05 01:27:57
u00002562,item10009,2016-05-05 01:31:58
u00001624,item10008,2016-05-05 01:50:22
u00001649,item10004,2016-05-05 01:52:56
u00006797,item10003,2016-05-05 02:41:46
u00007104,item10005,2016-05-05 02:52:22
u00000547,item10006,2016-05-05 02:52:37
u00005917,item10006,2016-05-05 02:56:52
u00004054,item10008,2016-05-05 02:56:54
u00004525,item10001,2016-05-05 03:10:43
u00006572,item10009,2016-05-05 03:11:27
u00003403,item10002,2016-05-05 03:20:11
u00000772,item10004,2016-05-05 03:53:25
u00001121,item10002,2016-05-05 04:01:42
u00003869,item10003,2016-05-05 04:10:13
u00001477,item10002,2016-05-05 04:14:49
u00000147,item10005,2016-05-05 04:27:09
u00005826,item10007,2016-05-05 04:27:16
u00007561,item10005,2016-05-05 04:29:10
u00005010,item10000,2016-05-05 04:48:09
u00001509,item10006,2016-05-05 05:04:25
u00007251,item10006,2016-05-05 05:09:35
u00003663,item10007,2016-05-05 05:25:26
u00000804,item10008,2016-05-05 05:40:43
u00004552,item10004,2016-05-05 06:04:53
u00005190,item10005,2016-05-05 06:07:17
u00001698,item10008,2016-05-05 06:19:52
u00002469,item10003,2016-05-05 06:26:38
u00004746,item10002,2016-05-05 06:39:27
u00003506,item10001,2016-05-05 07:36:34
u00005506,item10000,2016-05-05 07:41:07
u00002904,item10006,2016-05-05 07:43:35
u00002099,item10003,2016-05-05 07:49:39
u00004211,item10000,2016-05-05 08:03:42
u00004819,item10000,2016-05-05 08:14:45
u00002721,item10005,2016-05-05 08:27:34
u00003757,item10006,2016-05-05 08:30:50
u00007523,item10001,2016-05-05 08:41:51
u00002422,item10002,2016-05-05 08:57:14
u00001263,item10009,2016-05-05 09:02:56
u00001407,item10005,2016-05-05 09:18:56
u00001834,item10007,2016-05-05 09:21:54
u00005205,item10002,2016-05-05 09:30:20
u00007818,item10006,2016-05-05 09:41:07
u00007226,item10006,2016-05-05 09:43:45
u00000503,item10005,2016-05-05 09:59:17
u00001429,item10002,2016-05-05 10:10:56
u00002200,item10002,2016-05-05 10:16:06
u00002346,item10004,2016-05-05 10:25:57
u00005670,item10008,2016-05-05 10:40:59
u00000632,item10002,2016-05-05 10:49:31
u00002619,item10007,2016-05-05 10:58:15
u00002824,item10005,2016-05-05 11:03:10
u00002999,item10003,2016-05-05 11:07:41
u00004476,item10007,2016-05-05 11:08:44
u00004258,item10002,2016-05-05 11:26:27
u00006445,item10003,2016-05-05 11:31:23
u00006459,item10004,2016-05-05 11:41:54
u00007183,item10006,2016-05-05 11:53:21
u00004528,item10006,2016-05-05 11:56:15
u00004265,item10007,2016-05-05 12:13:33
u00003172,item10001,2016-05-05 12:17:47
u00006917,item10000,2016-05-05 12:32:57
u00001206,item10005,2016-05-05 12:34:05
u00005916,item10001,2016-05-05 12:37:49
u00005720,item10000,2016-05-05 12:47:22
u00007431,item10007,2016-05-05 13:02:27
u00003076,item10002,2016-05-05 13:11:06
u00005759,item10006,2016-05-05 13:22:56
u00003894,item10002,2016-05-05 13:31:06
u00004292,item10009,2016-05-05 13:40:58
u00001878,item10006,2016-05-05 13:43:36
u00004296,item10007,2016-05-05 13:44:25
u00006516,item10006,2016-05-05 13:54:44
u00000860,item10000,2016-05-05 14:04:34
u00001317,item10005,2016-05-05 14:04:48
u00001605,item10007,2016-05-05 14:05:37
u00000114,item10003,2016-05-05 14:13:47
u00005636,item10008,2016-05-05 14:19:49
u00007189,item10008,2016-05-05 14:21:28
u00001373,item10008,2016-05-05 14:37:25
u00002340,item10004,2016-05-05 14:44:42
u00003755,item10004,2016-05-05 14:50:03
u00004888,item10005,2016-05-05 15:02:34
u00005929,item10001,2016-05-05 15:04:07
u00007730,item10008,2016-05-05 15:10:25
u00006240,item10002,2016-05-05 15:17:33
u00002691,item10006,2016-05-05 15:30:57
u00002379,item10000,2016-05-05 15:50:01
u00004826,item10003,2016-05-05 16:13:23
u00006259,item10006,2016-05-05 16:22:10
u00000668,item10009,2016-05-05 16:23:30
u00003891,item10002,2016-05-05 16:35:07
u00006833,item10001,2016-05-05 16:45:29
u00001528,item10008,2016-05-05 17:49:03
u00000162,item10004,2016-05-05 17:58:22
u00005668,item10002,2016-05-05 18:07:53
u00003737,item10009,2016-05-05 18:21:57
u00005336,item10009,2016-05-05 18:24:12
u00000687,item10009,2016-05-05 18:34:10
u00003644,item10005,2016-05-05 18:40:10
u00003762,item10009,2016-05-05 18:44:45
u00003310,item10003,2016-05-05 18:58:03
u00006486,item10003,2016-05-05 18:59:39
u00001608,item10004,2016-05-05 19:03:24
u00003798,item10002,2016-05-05 19:10:22
u00000841,item10000,2016-05-05 19:13:13
u00001309,item10000,2016-05-05 19:17:42
u00001224,item10004,2016-05-05 19:19:54
u00006967,item10009,2016-05-05 19:29:55
u00007863,item10001,2016-05-05 19:40:05
u00001784,item10002,2016-05-05 19:46:56
u00007152,item10002,2016-05-05 19:54:02
u00007055,item10006,2016-05-05 19:59:29
u00001731,item10005,2016-05-05 20:09:15
u00005386,item10007,2016-05-05 20:15:41
u00002873,item10003,2016-05-05 20:30:49
u00002331,item10008,2016-05-05 20:36:41
u00005228,item10005,2016-05-05 20:48:52
u00000179,item10006,2016-05-05 20:51:17
u00000370,item10009,2016-05-05 20:52:58
u00001013,item10000,2016-05-05 20:55:03
u00003323,item10005,2016-05-05 20:57:57
u00001816,item10008,2016-05-05 21:02:51
u00002359,item10003,2016-05-05 21:17:55
u00006947,item10006,2016-05-05 21:18:11
u00001893,item10006,2016-05-05 21:24:01
u00002221,item10006,2016-05-05 21:57:07
u00004951,item10009,2016-05-05 21:58:03
u00004194,item10002,2016-05-05 22:03:22
u00002099,item10003,2016-05-05 22:06:59
u00006620,item10008,2016-05-05 22:32:23
u00006146,item10001,2016-05-05 22:35:57
u00000430,item10009,2016-05-05 22:41:37
u00005977,item10000,2016-05-05 22:44:23
u00005828,item10006,2016-05-05 22:46:17
u00007637,item10009,2016-05-05 22:49:25
u00000918,item10006,2016-05-05 22:52:53
u00002231,item10004,2016-05-05 23:22:51
u00000476,item10008,2016-05-05 23:28:30
u00004282,item10002,2016-05-05 23:29:15
u00005168,item10006,2016-05-05 23:31:52
u00007911,item10005,2016-05-05 23:35:01
u00005415,item10006,2016-05-05 23:37:21
u00007104,item10000,2016-05-05 23:38:26
u00001652,item10000,2016-05-05 23:39:04
u00003237,item10009,2016-05-05 23:50:51
u00006175,item10009,2016-05-05 23:52:58
u00005806,item10001,2016-05-06 00:28:57
u00006047,item10006,2016-05-06 00:29:17
u00002155,item10003,2016-05-06 00:29:26
u00001651,item10006,2016-05-06 00:55:18
u00006485,item10000,2016-05-06 00:59:08
u00006993,item10009,2016-05-06 01:23:46
u00002749,item10001,2016-05-06 01:28:40
u00003857,item10003,2016-05-06 01:33:49
u00004586,item10008,2016-05-06 01:55:11
u00001954,item10008,2016-05-06 02:06:55
u00002823,item10006,2016-05-06 02:26:07
u00001956,item10007,2016-05-06 02:27:01
u00001381,item10008,2016-05-06 02:37:30
u00000342,item10004,2016-05-06 02:53:22
u00007179,item10007,2016-05-06 03:24:49
u00004510,item10004,2016-05-06 03:28:39
u00007854,item10009,2016-05-06 03:51:28
u00000112,item10001,2016-05-06 03:58:14
u00002002,item10000,2016-05-06 04:00:03
u00005860,item10007,2016-05-06 04:03:56
u00003747,item10008,2016-05-06 04:10:27
u00006414,item10000,2016-05-06 04:18:43
u00001155,item10007,2016-05-06 05:01:36
u00003332,item10007,2016-05-06 05:02:45
u00005941,item10004,2016-05-06 05:05:35
u00003656,item10006,2016-05-06 05:12:22
u00006986,item10003,2016-05-06 05:19:15
u00007023,item10004,2016-05-06 05:35:27
u00004648,item10002,2016-05-06 05:47:32
u00001700,item10000,2016-05-06 06:00:59
u00007757,item10007,2016-05-06 06:05:29
u00006470,item10001,2016-05-06 06:27:34
u00003585,item10007,2016-05-06 06:41:13
u00004807,item10008,2016-05-06 06:51:50
u00003839,item10003,2016-05-06 06:52:36
u00001907,item10003,2016-05-06 07:13:47
u00002603,item10009,2016-05-06 07:18:08
u00007343,item10006,2016-05-06 07:22:30
u00000404,item10003,2016-05-06 07:34:58
u00004172,item10005,2016-05-06 07:47:55
u00000530,item10004,2016-05-06 07:49:34
u00005161,item10006,2016-05-06 08:16:35
u00003333,item10009,2016-05-06 08:43:47
u00006628,item10001,2016-05-06 08:50:14
u00000270,item10002,2016-05-06 09:00:05
u00003800,item10003,2016-05-06 09:00:28
u00002251,item10000,2016-05-06 09:18:54
u00007084,item10000,2016-05-06 09:40:52
u00005807,item10000,2016-05-06 10:09:21
u00002893,item10006,2016-05-06 10:20:59
u00004880,item10000,2016-05-06 10:26:44
u00002643,item10004,2016-05-06 10:31:07
u00002469,item10000,2016-05-06 10:39:14
u00003359,item10005,2016-05-06 10:40:18
u00004806,item10005,2016-05-06 11:06:17
u00004511,item10007,2016-05-06 11:14:43
u00004250,item10006,2016-05-06 11:27:45
u00001197,item10006,2016-05-06 11:29:38
u00005447,item10008,2016-05-06 11:42:12
u00004598,item10009,2016-05-06 11:46:10
u00007239,item10006,2016-05-06 11:53:40
u00006959,item10007,2016-05-06 12:06:43
u00006822,item10001,2016-05-06 12:09:44
u00003761,item10003,2016-05-06 12:37:39
u00004841,item10009,2016-05-06 12:50:29
u00003374,item10004,2016-05-06 13:09:32
u00003120,item10000,2016-05-06 13:41:11
u00001052,item10009,2016-05-06 13:45:58
u00000308,item10009,2016-05-06 13:49:37
u00000825,item10006,2016-05-06 14:00:04
u00000486,item10000,2016-05-06 14:41:39
u00003053,item10007,2016-05-06 14:55:20
u00002987,item10003,2016-05-06 14:55:49
u00003022,item10007,2016-05-06 15:26:14
u00006070,item10009,2016-05-06 15:30:20
u00003965,item10002,2016-05-06 15:36:25
u00006816,item10007,2016-05-06 15:45:45
u00006112,item10008,2016-05-06 16:03:46
u00002202,item10004,2016-05-06 16:12:27
u00002321,item10000,2016-05-06 16:45:17
u00005678,item10002,2016-05-06 16:49:33
u00006558,item10007,2016-05-06 16:50:35
u00005332,item10007,2016-05-06 16:53:29
u00004969,item10009,2016-05-06 16:54:03
u00007504,item10000,2016-05-06 17:09:51
u00006293,item10003,2016-05-06 17:13:48
u00007410,item10002,2016-05-06 17:15:58
u00007227,item10004,2016-05-06 17:16:40
u00003792,item10005,2016-05-06 17:18:46
u00003299,item10006,2016-05-06 17:24:33
u00005337,item10009,2016-05-06 17:34:39
u00000374,item10002,2016-05-06 17:48:32
u00002858,item10008,2016-05-06 17:56:02
u00004030,item10006,2016-05-06 18:00:45
u00003345,item10001,2016-05-06 18:07:33
u00001183,item10004,2016-05-06 18:09:34
u00004090,item10008,2016-05-06 18:14:49
u00005384,item10008,2016-05-06 18:25:28
u00003518,item10003,2016-05-06 18:34:46
u00004759,item10009,2016-05-06 18:44:44
u00002510,item10003,2016-05-06 19:05:13
u00006665,item10001,2016-05-06 19:05:54
u00007438,item10000,2016-05-06 19:09:50
u00000676,item10003,2016-05-06 19:10:42
u00004751,item10008,2016-05-06 19:23:51
u00007972,item10007,2016-05-06 19:24:06
u00007899,item10003,2016-05-06 19:48:43
u00006811,item10006,2016-05-06 20:23:16
u00000691,item10006,2016-05-06 20:23:16
u00005424,item10005,2016-05-06 20:25:56
u00006160,item10008,2016-05-06 20:41:29
u00006791,item10003,2016-05-06 21:02:08
u00001230,item10003,2016-05-06 21:02:41
u00007623,item10006,2016-05-06 21:09:50
u00000933,item10003,2016-05-06 21:32:20
u00001004,item10006,2016-05-06 21:33:41
u00004034,item10002,2016-05-06 21:44:00
u00004106,item10007,2016-05-06 21:56:17
u00003179,item10000,2016-05-06 22:20:56
u00000037,item10006,2016-05-06 22:23:44
u00003929,item10008,2016-05-06 22:31:30
u00007577,item10004,2016-05-06 22:32:06
u00004989,item10004,2016-05-06 23:08:30
u00004085,item10000,2016-05-06 23:10:27
u00006684,item10003,2016-05-06 23:14:39
u00003315,item10007,2016-05-06 23:25:19
u00000357,item10009,2016-05-06 23:38:46
u00003849,item10005,2016-05-07 00:03:17
u00002206,item10000,2016-05-07 00:07:28
u00002844,item10006,2016-05-07 00:16:59
u00001600,item10001,2016-05-07 00:20:24
u00000792,item10001,2016-05-07 00:39:11
u00003167,item10001,2016-05-07 01:27:09
u00007137,item10002,2016-05-07 01:28:22
u00001843,item10002,2016-05-07 01:31:31
u00007938,item10007,2016-05-07 01:35:35
u00003081,item10004,2016-05-07 01:48:01
u00004664,item10004,2016-05-07 01:51:20
u00006759,item10005,2016-05-07 02:24:36
u00003395,item10003,2016-05-07 02:24:43
u00007014,item10007,2016-05-07 02:34:22
u00006437,item10001,2016-05-07 02:35:48
u00007521,item10009,2016-05-07 02:58:59
u00001868,item10001,2016-05-07 03:05:06
u00006206,item10005,2016-05-07 03:13:05
u00004966,item10001,2016-05-07 03:15:09
u00006402,item10006,2016-05-07 03:22:06
u00001390,item10004,2016-05-07 03:28:17
u00001962,item10007,2016-05-07 03:31:32
u00000497,item10008,2016-05-07 03:33:42
u00005681,item10001,2016-05-07 03:33:57
u00005830,item10005,2016-05-07 03:34:40
u00005230,item10007,2016-05-07 03:47:32
u00001013,item10001,2016-05-07 04:01:12
u00006504,item10000,2016-05-07 04:07:41
u00004361,item10004,2016-05-07 04:52:02
u00008042,item10006,2016-05-07 05:28:18
u00007319,item10006,2016-05-07 05:28:39
u00005254,item10004,2016-05-07 05:29:15
u00000553,item10001,2016-05-07 05:29:28
u00001544,item10004,2016-05-07 05:42:45
u00004102,item10001,2016-05-07 05:49:50
u00005923,item10006,2016-05-07 05:49:51
u00006613,item10008,2016-05-07 05:59:59
u00007914,item10005,2016-05-07 06:07:00
u00000690,item10006,2016-05-07 06:21:55
u00001960,item10002,2016-05-07 06:40:41
u00002948,item10006,2016-05-07 06:41:02
u00000850,item10005,2016-05-07 06:59:28
u00003418,item10002,2016-05-07 07:03:00
u00007573,item10005,2016-05-07 07:29:06
u00006737,item10005,2016-05-07 07:48:43
u00004461,item10001,2016-05-07 07:51:38
u00003952,item10008,2016-05-07 08:03:25
u00004257,item10004,2016-05-07 08:27:36
u00001217,item10003,2016-05-07 08:29:18
u00004980,item10009,2016-05-07 08:37:21
u00004148,item10009,2016-05-07 08:37:51
u00003391,item10003,2016-05-07 08:43:26
u00006380,item10002,2016-05-07 08:47:40
u00007241,item10003,2016-05-07 08:56:20
u00002946,item10008,2016-05-07 09:10:20
u00003574,item10006,2016-05-07 09:16:09
u00000824,item10007,2016-05-07 09:32:13
u00006236,item10006,2016-05-07 09:36:19
u00006662,item10002,2016-05-07 10:10:11
u00003109,item10000,2016-05-07 10:17:39
u00008010,item10004,2016-05-07 10:25:52
u00003662,item10008,2016-05-07 10:34:29
u00001662,item10005,2016-05-07 10:42:19
u00004107,item10006,2016-05-07 11:16:52
u00006695,item10001,2016-05-07 11:32:04
u00007647,item10000,2016-05-07 11:35:29
u00006223,item10006,2016-05-07 11:35:45
u00003112,item10009,2016-05-07 11:41:29
u00006842,item10006,2016-05-07 11:48:23
u00002153,item10001,2016-05-07 11:55:04
u00004428,item10009,2016-05-07 11:55:42
u00006383,item10005,2016-05-07 12:11:10
u00000563,item10008,2016-05-07 12:37:38
u00005438,item10004,2016-05-07 13:11:22
u00005257,item10007,2016-05-07 13:24:52
u00001083,item10000,2016-05-07 13:26:21
u00003501,item10009,2016-05-07 13:49:36
u00004484,item10001,2016-05-07 14:09:02
u00001234,item10006,2016-05-07 14:11:21
u00001467,item10003,2016-05-07 14:12:39
u00000641,item10007,2016-05-07 14:21:25
u00005558,item10004,2016-05-07 14:26:30
u00002347,item10005,2016-05-07 14:30:33
u00001857,item10007,2016-05-07 14:35:26
u00001089,item10008,2016-05-07 14:51:11
u00001586,item10003,2016-05-07 14:59:25
u00006718,item10008,2016-05-07 15:02:06
u00002312,item10000,2016-05-07 15:29:09
u00006774,item10006,2016-05-07 15:33:17
u00007409,item10001,2016-05-07 15:49:24
u00001536,item10001,2016-05-07 15:58:39
u00007744,item10000,2016-05-07 15:58:44
u00000406,item10000,2016-05-07 16:20:52
u00004195,item10001,2016-05-07 16:40:24
u00006526,item10006,2016-05-07 16:44:15
u00001139,item10003,2016-05-07 16:49:24
u00003972,item10001,2016-05-07 17:02:50
u00003937,item10002,2016-05-07 17:08:34
u00001475,item10007,2016-05-07 17:35:05
u00003194,item10001,2016-05-07 17:39:40
u00005724,item10008,2016-05-07 17:41:05
u00001845,item10003,2016-05-07 17:55:31
u00000164,item10002,2016-05-07 18:01:46
u00001202,item10000,2016-05-07 18:02:28
u00002509,item10003,2016-05-07 18:06:18
u00005328,item10005,2016-05-07 18:16:01
u00007520,item10008,2016-05-07 18:17:16
u00001989,item10001,2016-05-07 18:27:30
u00001222,item10008,2016-05-07 18:30:57
u00001780,item10001,2016-05-07 18:33:18
u00005068,item10009,2016-05-07 18:39:12
u00005885,item10007,2016-05-07 18:46:16
u00007257,item10004,2016-05-07 18:49:22
u00004687,item10007,2016-05-07 18:50:19
u00002651,item10001,2016-05-07 18:57:18
u00001596,item10003,2016-05-07 19:11:19
u00004014,item10006,2016-05-07 19:21:24
u00001959,item10003,2016-05-07 19:38:30
u00002258,item10000,2016-05-07 19:40:14
u00002166,item10007,2016-05-07 19:48:59
u00007698,item10003,2016-05-07 19:52:13
u00006344,item10005,2016-05-07 20:16:41
u00007646,item10005,2016-05-07 20:31:04
u00003069,item10002,2016-05-07 20:41:59
u00001709,item10001,2016-05-07 20:43:09
u00003405,item10000,2016-05-07 21:08:36
u00001192,item10004,2016-05-07 21:23:52
u00004349,item10008,2016-05-07 21:25:05
u00005528,item10001,2016-05-07 21:26:30
u00004337,item10006,2016-05-07 21:31:16
u00004056,item10001,2016-05-07 21:46:40
u00001127,item10008,2016-05-07 21:54:54
u00001239,item10001,2016-05-07 22:09:00
u00002053,item10006,2016-05-07 22:31:53
u00000433,item10000,2016-05-07 22:32:53
u00000139,item10003,2016-05-07 22:34:46
u00002940,item10004,2016-05-07 22:37:50
u00002767,item10005,2016-05-07 22:50:07
u00007820,item10009,2016-05-07 22:51:35
u00003041,item10006,2016-05-07 22:56:18
u00004821,item10004,2016-05-07 22:57:25
u00004227,item10008,2016-05-07 23:29:27
u00006943,item10000,2016-05-07 23:34:35
u00004468,item10009,2016-05-07 23:59:50
u00007228,item10007,2016-05-08 00:51:47
u00005298,item10005,2016-05-08 01:07:10
u00003393,item10007,2016-05-08 01:57:44
u00007213,item10005,2016-05-08 02:12:07
u00000713,item10003,2016-05-08 02:25:35
u00002175,item10003,2016-05-08 02:26:43
u00001370,item10002,2016-05-08 03:11:21
u00001080,item10002,2016-05-08 03:14:15
u00002466,item10003,2016-05-08 03:42:07
u00001862,item10004,2016-05-08 03:57:11
u00002481,item10004,2016-05-08 04:12:57
u00006035,item10001,2016-05-08 04:48:34
u00005793,item10004,2016-05-08 05:02:22
u00003451,item10003,2016-05-08 05:06:28
u00005573,item10004,2016-05-08 05:11:56
u00004164,item10005,2016-05-08 05:25:12
u00003864,item10004,2016-05-08 05:41:11
u00006717,item10006,2016-05-08 05:45:25
u00004426,item10004,2016-05-08 06:03:17
u00005153,item10005,2016-05-08 06:08:02
u00004040,item10006,2016-05-08 06:08:39
u00005475,item10004,2016-05-08 06:21:52
u00000166,item10000,2016-05-08 06:32:44
u00006468,item10007,2016-05-08 06:50:39
u00006031,item10005,2016-05-08 06:55:29
u00004454,item10009,2016-05-08 06:56:59
u00002945,item10007,2016-05-08 06:59:54
u00001108,item10009,2016-05-08 07:05:16
u00007645,item10005,2016-05-08 07:19:17
u00000199,item10006,2016-05-08 07:32:15
u00000191,item10005,2016-05-08 07:36:13
u00005655,item10004,2016-05-08 08:38:56
u00003553,item10005,2016-05-08 08:49:41
u00003273,item10009,2016-05-08 09:37:13
u00000452,item10001,2016-05-08 09:49:37
u00006586,item10004,2016-05-08 10:03:20
u00006843,item10008,2016-05-08 10:13:19
u00004052,item10009,2016-05-08 10:13:42
u00001711,item10004,2016-05-08 10:18:56
u00001241,item10003,2016-05-08 10:37:16
u00001855,item10000,2016-05-08 10:50:22
u00007277,item10007,2016-05-08 10:54:52
u00001119,item10004,2016-05-08 10:58:05
u00005745,item10000,2016-05-08 11:26:11
u00001487,item10005,2016-05-08 11:48:17
u00006655,item10002,2016-05-08 12:23:01
u00001687,item10002,2016-05-08 12:34:51
u00004922,item10005,2016-05-08 12:44:45
u00001473,item10001,2016-05-08 13:00:44
u00007059,item10008,2016-05-08 13:05:03
u00001331,item10004,2016-05-08 13:20:27
u00000211,item10002,2016-05-08 14:58:27
u00007074,item10003,2016-05-08 15:05:20
u00000934,item10001,2016-05-08 15:27:53
u00003741,item10000,2016-05-08 15:45:03
u00000235,item10008,2016-05-08 15:51:00
u00000212,item10000,2016-05-08 15:57:59
u00000301,item10003,2016-05-08 16:04:33
u00007524,item10006,2016-05-08 17:31:12
u00005780,item10002,2016-05-08 17:48:38
u00006448,item10001,2016-05-08 17:54:03
u00007174,item10007,2016-05-08 18:33:12
u00004833,item10009,2016-05-08 18:47:07
u00003650,item10009,2016-05-08 18:47:24
u00006442,item10004,2016-05-08 19:00:20
u00004057,item10008,2016-05-08 19:05:47
u00000428,item10005,2016-05-08 19:36:24
u00003713,item10003,2016-05-08 19:40:27
u00001610,item10008,2016-05-08 19:43:28
u00000306,item10005,2016-05-08 19:46:43
u00000867,item10000,2016-05-08 19:55:21
u00001397,item10007,2016-05-08 20:06:35
u00005899,item10004,2016-05-08 20:25:33
u00004703,item10007,2016-05-08 20:27:18
u00004175,item10000,2016-05-08 20:30:40
u00004861,item10001,2016-05-08 20:36:30
u00001102,item10001,2016-05-08 20:40:06
u00001900,item10002,2016-05-08 20:42:12
u00000585,item10008,2016-05-08 21:26:19
u00005989,item10008,2016-05-08 21:48:03
u00000625,item10004,2016-05-08 21:53:22
u00000961,item10007,2016-05-08 21:59:38
u00001899,item10006,2016-05-08 22:18:52
u00006347,item10005,2016-05-08 22:38:15
u00000474,item10007,2016-05-08 22:41:37
u00005719,item10006,2016-05-08 22:53:51
u00000398,item10008,2016-05-08 22:58:42
u00004913,item10002,2016-05-09 17:58:54
u00004895,item10001,2016-05-10 13:51:00
u00002559,item10002,2016-05-10 15:33:11
u00002539,item10004,2016-05-11 02:27:11
u00001635,item10000,2016-05-11 19:17:08
u00001618,item10003,2016-05-12 21:10:43
u00003801,item10007,2016-05-13 04:24:29
u00006975,item10006,2016-05-13 06:56:11
u00003919,item10002,2016-05-13 16:49:39
u00002640,item10007,2016-05-13 21:44:36
